669e60e2-413d-4936-b53b-60f799bef9d2,123,
13693a96-1eed-423c-9aa6-413bbcf1ecd9,123,1234
280d014c-2874-42db-b70f-38678b9f11e2,"[['X', ' ', ' '], [' ', ' ', ' '], [' ', 'O', ' ']]",X
8bc921ee-0816-4364-ae2c-2defcae61c3d,"[['X', 'O', ' '], [' ', ' ', 'X'], [' ', 'O', ' ']]",X
90a6ed04-1e92-4b03-83c8-22766d6c8b14,"[[' ', ' ', ' '], ['O', 'X', ' '], [' ', ' ', ' ']]",X
e16b242d-7180-447c-821e-07b80464ada6,"[[' ', ' ', 'O'], [' ', 'X', ' '], [' ', ' ', ' ']]",X
739389dc-37a7-4783-8f7f-1981d3b28133,"[[' ', ' ', 'O'], [' ', 'X', ' '], [' ', ' ', ' ']]",X
af4468d3-3c52-4d8c-a2b6-176e4b53b4d4,"[[' ', ' ', 'O'], [' ', 'X', ' '], [' ', ' ', ' ']]",X
51f3f9cf-37b5-4d9c-935b-1b05d0b034da,"[[' ', 'O', 'O'], [' ', 'X', ' '], [' ', ' ', 'X']]",X
3a8174ee-a043-4c84-bc12-2e0194ae6c5d,"[[' ', ' ', ' '], [' ', 'X', ' '], [' ', 'O', ' ']]",X
5b6fde4d-b16f-4294-b4f1-a4d4cadaaa0b,"[[' ', ' ', ' '], [' ', 'X', ' '], [' ', 'O', ' ']]",X
ba0f24d5-18b2-44d6-bddf-3bc8a913078e,"[[' ', ' ', 'O'], [' ', 'X', ' '], [' ', ' ', ' ']]",X
78ad2df4-9843-4aa2-ac67-c1671a41fb96,"[[' ', 'O', ' '], [' ', ' ', 'X'], [' ', ' ', ' ']]",X
9067cefb-0a68-4e51-a305-9519a8b832cf,"[[' ', ' ', ' '], [' ', 'O', 'X'], [' ', ' ', ' ']]",X
8f484dc5-4e83-4da1-bbcd-1282ae22ae3e,"[[' ', ' ', 'O'], [' ', ' ', ' '], [' ', ' ', 'X']]",X
e07fef86-f212-47de-b524-419b4c19c1b6,"[[' ', ' ', ' '], [' ', 'O', 'X'], [' ', ' ', ' ']]",X
29096036-99eb-411e-b008-d9d45795b42e,"[[' ', ' ', ' '], [' ', ' ', 'X'], ['O', ' ', ' ']]",X
84b7b8ef-f3b0-4b44-bb00-5bec6fea2390,"[[' ', 'O', ' '], [' ', ' ', 'X'], [' ', ' ', ' ']]",X
5b37848f-b390-4a68-bda4-e7afbdc6a27f,"[[' ', 'O', ' '], [' ', ' ', 'X'], [' ', ' ', ' ']]",X
4adca652-0fe0-479b-b195-ef91f34e8af6,"[[' ', ' ', ' '], [' ', ' ', 'X'], [' ', 'O', ' ']]",X
16c3cf74-5d20-4ad7-8318-ec6b7ebe2597,"[[' ', ' ', ' '], [' ', ' ', 'X'], [' ', 'O', ' ']]",X
39a3f61c-5b99-4f2d-96ec-f6b313d54892,"[[' ', ' ', ' '], [' ', ' ', ' '], [' ', 'O', 'X']]",X
f422ca14-6066-4d89-94cc-16de226706ba,"[[' ', ' ', ' '], [' ', ' ', 'X'], [' ', 'O', ' ']]",X
c048e820-f3ec-4927-8a5c-bfb4718a5cd0,"[[' ', ' ', ' '], ['O', ' ', ' '], [' ', ' ', 'X']]",X
eaf8fc3d-ba28-472a-96dc-008eaa6e02bb,"[[' ', 'O', ' '], [' ', ' ', ' '], [' ', ' ', 'X']]",X
